title,first_week_audience,first_day_screen,drama,action,comedy,fantasy.SF,advanture,criminal.thrill,traditional,romance,animation,documentary,horror,family,war,etc,series,holiday,actors,director,distributor_value,aud_18,korea,usa,first_day_aud
"무현,두도시이야기",25506,87,0,0,0,0,0,0,0,0,0,1,0,0,0,0,0,0,0,0,0,0,1,0,6374
마담프루스트의비밀정원,25749,74,1,0,0,0,0,0,0,0,0,0,0,0,0,0,0,0,0,0,0,0,0,1,5934
유스,29946,129,1,0,0,0,0,0,0,0,0,0,0,0,0,0,0,0,6,0,0,0,1,0,8727
태풍이지나가고,32011,111,1,0,0,0,0,0,0,0,0,0,0,0,0,0,0,0,0,0,0,0,1,0,5995
파리로가는길,34437,158,1,0,0,0,0,0,0,1,0,0,0,0,0,0,0,0,4,0,0,0,0,1,9329
러브라이브!더스쿨아이돌무비,34582,123,0,0,0,0,0,0,0,0,1,0,0,0,0,0,0,0,0,0,0,0,1,0,16700
지금은맞고그때는틀리다,34897,109,1,0,0,0,0,0,0,0,0,0,0,0,0,0,0,1,11,0,2,1,1,0,10455
바다탐험대옥토넛시즌4바다괴물대소동,35587,247,0,0,0,0,1,0,0,0,1,0,0,0,0,0,1,1,0,0,0,0,1,0,4449
꼬마참새리차드아프리카원정대,36044,335,0,0,0,0,0,0,0,0,1,0,0,0,0,0,0,0,0,0,0,0,0,1,5638
리틀메딕몸속탐험대,36223,283,0,0,0,0,0,0,0,0,1,0,0,1,0,0,0,0,0,0,0,0,1,0,3274
본투비블루,36454,271,1,0,0,0,0,0,0,0,0,0,0,0,0,0,0,0,0,0,0,1,0,0,13329
러덜리스,36915,229,1,0,1,0,0,0,0,0,0,0,0,0,0,0,0,0,2,0,0,0,0,1,12198
바다탐험대옥토넛시즌4아슬아슬구조대작전,37171,198,0,0,0,0,1,0,0,0,1,0,0,0,0,0,1,0,0,0,0,0,0,1,2726
너와100번째사랑,40360,233,1,0,0,0,0,0,0,1,0,0,0,0,0,0,0,0,0,0,0,0,0,1,12607
더라스트나루토더무비,40638,231,0,0,0,0,0,0,0,0,1,0,0,0,0,0,0,0,0,0,0,0,0,1,16010
위아영,40971,469,1,0,1,0,0,0,0,0,0,0,0,0,0,0,0,0,6,0,0,0,0,1,13654
바다탐험대옥토넛시즌4늪지탐험선K,41210,178,0,0,0,0,0,0,0,0,1,0,0,0,0,0,1,0,0,0,0,0,0,0,2497
고녀석맛나겠다2함께라서행복해,41225,257,0,0,0,0,0,0,0,0,1,0,0,1,0,0,1,0,0,0,0,0,0,1,11457
아더와미니모이3두세계의전쟁,42129,221,0,0,0,0,0,0,0,0,1,0,0,0,0,0,1,0,0,0,0,0,0,1,2019
바다탐험대옥토넛스페셜,42328,301,0,0,0,0,0,0,0,0,1,0,0,0,0,0,0,0,0,0,0,0,0,1,6891
백설공주사라진아빠를찾아서,42669,239,0,0,0,0,0,0,0,0,1,0,0,1,0,0,0,0,0,0,0,0,0,1,2669
오두막,42962,778,1,0,0,0,0,0,0,0,0,0,0,0,0,0,0,0,4,0,0,0,1,0,13209
최악의하루,43452,395,0,0,0,0,0,0,0,1,0,0,0,0,0,0,0,0,2,0,0,0,0,0,14707
극장판파워레인저닌자포스VS트레인포스닌자인원더랜드,44186,455,0,1,0,0,0,0,0,0,0,0,0,0,0,0,0,0,0,0,2,0,1,0,4600
트럼보,44604,591,1,0,0,0,0,0,0,0,0,0,0,0,0,0,0,0,6,0,0,0,0,1,17920
포레스트죽음의숲,45763,569,0,0,0,0,0,0,0,0,0,0,1,0,0,0,0,0,0,0,1,0,0,1,10107
바다탐험대옥토넛시즌4더파이널,45836,192,0,0,0,0,1,0,0,0,1,0,0,0,0,0,1,0,0,0,0,0,1,0,2842
아메리칸셰프,45862,179,0,0,1,0,0,0,0,0,0,0,0,0,0,0,0,0,12,0,0,0,0,1,9097
이웃집에신이산다,46501,120,0,0,1,0,0,0,0,0,0,0,0,0,0,0,0,0,0,0,0,1,0,1,14944
대니콜린스,47398,598,1,0,0,0,0,0,0,0,0,0,0,0,0,0,0,0,1,0,0,0,0,1,17576
경주,48241,632,1,0,1,0,0,0,0,0,0,0,0,0,0,0,0,0,13,0,0,0,0,1,19957
더비지트,49159,553,0,0,0,0,0,1,0,0,0,0,1,0,0,0,0,0,0,0,1,0,0,1,16466
나이트크롤러,49393,458,1,0,0,0,0,1,0,0,0,0,0,0,0,0,0,0,2,0,0,1,0,1,17783
지랄발광17세,49416,154,1,0,1,0,0,0,0,0,0,0,0,0,0,0,0,0,1,0,0,0,0,1,13363
프리덤,49629,213,1,0,0,0,0,0,0,0,0,0,0,1,0,0,0,0,0,0,0,0,0,0,18137
파도가지나간자리,49701,494,1,0,0,0,0,0,0,1,0,0,0,0,0,0,0,0,5,0,0,0,1,0,10450
짱구는못말려극장판：엄청맛있어!B급음식서바이벌!,49748,334,0,0,0,0,0,0,0,0,1,0,0,0,0,0,1,0,0,0,3,0,0,1,4360
극장판도라에몽신진구의버스오브재팬,50253,372,0,0,0,0,0,0,0,0,1,0,0,0,0,0,1,0,0,0,2,0,1,0,4828
드래곤블레이드,50357,511,0,1,0,0,1,0,0,0,0,0,0,0,0,0,0,0,3,1,3,0,0,1,15410
부활,50635,181,1,0,0,0,0,0,0,0,0,0,0,0,0,0,0,0,2,0,1,0,0,1,10763
바다탐험대옥토넛시즌4빙하탐험선S,50659,225,0,0,0,0,0,0,0,0,1,0,0,0,0,0,1,0,0,0,0,0,0,1,12062
보루토-나루토더무비,50785,380,0,0,0,0,0,0,0,0,1,0,0,0,0,0,1,0,0,0,0,0,0,1,11988
하이큐!!끝과시작,50814,236,0,0,0,0,0,0,0,0,1,0,0,0,0,0,0,0,0,0,0,0,0,0,32561
그물,51588,755,1,0,0,0,0,0,0,0,0,0,0,0,0,0,0,0,9,0,2,0,1,0,16122
드레스메이커,52135,349,1,0,0,0,0,0,0,0,0,0,0,0,0,0,0,0,2,0,0,0,1,0,18977
"서서평,천천히평온하게",52163,361,0,0,0,0,0,0,0,0,0,1,0,0,0,0,0,0,0,0,0,0,0,1,12227
나의붉은고래,52542,723,0,0,0,1,0,0,0,0,1,0,0,0,0,0,0,0,0,0,0,0,0,1,19821
정글히어로,52911,455,0,0,0,0,0,0,0,0,1,0,0,0,0,0,0,0,0,0,3,0,1,0,24823
잡아야산다,52964,417,0,1,1,0,0,0,0,0,0,0,0,0,0,0,0,0,7,0,0,0,0,1,19524
극장판도라에몽진구의우주영웅기~스페이스히어로즈~,53086,387,0,0,0,1,0,0,0,0,1,0,0,0,0,0,1,0,0,0,0,0,0,1,5900
파라노말액티비티더고스트디멘션,53343,656,0,0,0,0,0,1,0,0,0,0,1,0,0,0,1,0,0,0,0,0,1,0,21724
더테이블,53446,525,1,0,0,0,0,0,0,1,0,0,0,0,0,0,0,0,13,0,0,0,0,0,16769
극장판파워레인저트레인포스VS다이노포스THEMOVIE,53996,389,0,1,0,1,0,0,0,0,0,0,0,0,0,0,0,0,0,0,0,0,1,0,6667
매직인더문라이트,54203,372,1,0,1,0,0,0,0,0,0,0,0,0,0,0,0,0,3,0,0,0,0,1,20814
짱구는못말려극장판정면승부!로봇아빠의역습,55435,436,0,0,1,0,0,0,0,0,1,0,0,0,0,0,1,0,0,0,0,0,0,1,4801
스틸앨리스,55459,185,1,0,0,0,0,0,0,0,0,0,0,0,0,0,0,0,7,0,0,0,1,0,13047
박스트롤,55794,358,0,0,0,0,0,0,0,0,1,0,0,1,0,0,0,0,0,0,1,0,1,0,4758
스티브잡스,56422,765,1,0,0,0,0,0,0,0,0,0,0,0,0,0,0,0,3,0,1,0,0,1,18752
사일런스,56444,642,1,0,0,0,0,0,0,0,0,0,0,0,0,0,0,0,12,0,0,0,0,0,21977
오베라는남자,57216,457,1,0,0,0,0,0,0,0,0,0,0,0,0,0,0,0,0,0,0,0,1,0,18046
어거스트가족의초상,57373,485,1,0,0,0,0,0,0,0,0,0,0,0,0,0,0,0,6,0,0,0,1,0,19650
로빈슨크루소,57413,325,0,0,0,0,1,0,0,0,1,0,0,0,0,0,0,0,0,0,0,0,0,0,8744
두남자,57778,772,0,1,0,0,0,1,0,0,0,0,0,0,0,0,0,0,5,0,0,1,0,0,25553
페이스오브러브,57791,421,1,0,0,0,0,0,0,1,0,0,0,0,0,0,0,0,4,0,0,0,1,0,17448
문라이트,58014,343,1,0,0,0,0,0,0,0,0,0,0,0,0,0,0,0,0,0,0,0,0,0,18359
주온더파이널,58197,635,0,0,0,0,0,0,0,0,0,0,1,0,0,0,1,0,0,0,1,0,0,1,21224
쿰바반쪽무늬얼룩말의대모험,58230,217,0,0,0,0,1,0,0,0,1,0,0,0,0,0,0,1,0,0,0,0,0,0,5259
세상에서고양이가사라진다면,58615,295,1,0,0,0,0,0,0,0,0,0,0,0,0,0,0,0,0,0,0,0,1,0,15244
기생수파트2,58617,511,0,0,0,1,0,1,0,0,0,0,0,0,0,0,1,0,0,0,0,1,0,1,18578
번개맨,58891,697,0,0,0,1,0,0,0,0,0,0,0,1,0,0,0,0,0,1,0,0,1,0,12498
더퍼지거리의반란,59212,401,0,0,0,0,0,1,0,0,0,0,1,0,0,0,0,0,0,0,1,1,0,1,26148
파더앤도터,59495,703,1,0,0,0,0,0,0,0,0,0,0,0,0,0,0,0,6,0,0,0,1,0,27444
슈퍼미니,59716,375,0,1,0,0,0,0,0,0,1,0,0,0,0,0,0,0,0,0,0,0,0,0,7703
선생님의일기,59791,291,1,0,0,0,0,0,0,1,0,0,0,0,0,0,0,0,0,0,0,0,0,0,20390
심야식당,61182,337,1,0,0,0,0,0,0,0,0,0,0,0,0,0,0,0,0,0,0,0,1,0,15789
극장판포켓몬스터AG-아름다운소원의별지라치,61917,237,0,0,0,0,0,0,0,0,1,0,0,0,0,0,1,0,0,0,0,0,0,0,14738
히트맨에이전트47,62041,532,0,1,0,0,0,1,0,0,0,0,0,0,0,0,0,0,2,0,2,0,1,0,18658
아이엠스타뮤직어워드,62506,678,0,0,0,0,0,0,0,0,1,0,0,0,0,0,0,1,0,0,3,0,0,1,23912
올레,62650,668,1,0,1,0,0,0,0,0,0,0,0,0,0,0,0,0,11,0,0,0,0,1,25680
다크플레이스,62800,510,1,0,0,0,0,1,0,0,0,0,0,0,0,0,0,0,4,0,0,1,0,1,18513
어카운턴트,62809,730,0,1,0,0,0,1,0,0,0,0,0,0,0,0,0,0,5,0,2,0,0,1,19907
감바의대모험,63236,461,0,0,0,0,1,0,0,0,1,0,0,0,0,0,0,0,0,0,0,0,1,0,10539
더서클,63732,315,1,0,0,1,0,0,0,0,0,0,0,0,0,0,0,0,9,0,0,0,0,1,21343
더매직리틀톰과도둑공주,64645,266,0,0,0,1,0,0,0,0,1,0,0,0,0,0,0,1,0,0,0,0,1,0,6176
이퀄스,65549,703,1,0,0,1,0,0,0,0,0,0,0,0,0,0,0,0,8,0,0,0,1,0,23612
로스트인더스트,65999,691,1,0,0,0,0,1,0,0,0,0,0,0,0,0,0,0,4,0,0,0,0,1,20404
빅아이즈,67216,555,1,0,0,0,0,0,0,0,0,0,0,0,0,0,0,0,2,0,0,0,0,1,18612
언더월드블러드워,67278,350,0,1,0,1,0,0,0,0,0,0,0,0,0,0,0,0,3,0,1,0,1,0,23662
엑스마키나,67459,401,0,0,0,1,0,1,0,0,0,0,0,0,0,0,0,0,1,0,1,1,0,1,17707
피터와드래곤,67674,273,0,0,0,0,1,0,0,0,0,0,0,1,0,0,0,0,4,0,0,0,0,0,4944
죽여주는여자,68004,630,1,0,0,0,0,0,0,0,0,0,0,0,0,0,0,0,5,1,0,1,0,0,20563
카페소사이어티,68506,392,1,0,0,0,0,0,0,1,0,0,0,0,0,0,0,1,8,0,0,0,0,1,23155
피치퍼펙트언프리티걸즈,68542,569,0,0,1,0,0,0,0,0,0,0,0,0,0,1,0,0,2,0,1,0,0,0,23092
장난감이살아있다,68852,427,0,0,0,0,1,0,0,0,1,0,0,0,0,0,0,0,0,0,0,0,0,0,9819
마이리틀자이언트,69344,242,0,0,0,0,1,0,0,0,0,0,0,1,0,0,0,0,2,0,0,0,0,1,13569
룸,69610,639,1,0,0,0,0,0,0,0,0,0,0,0,0,0,0,0,1,0,0,0,1,0,25972
패트리어트데이,69886,745,1,0,0,0,0,1,0,0,0,0,0,0,0,0,0,0,2,0,0,0,1,0,31538
오즈신기한마법가루,69888,487,0,0,0,0,1,0,0,0,1,0,0,0,0,0,0,0,0,0,0,0,1,0,14942
대니쉬걸,69899,434,1,0,0,0,0,0,0,0,0,0,0,0,0,0,0,0,0,0,1,1,1,0,16828
엽기적인그녀2,70129,766,0,0,1,0,0,0,0,1,0,0,0,0,0,0,1,0,6,0,0,0,0,1,32105
파워레인져스더비기닝,70357,876,0,1,0,0,1,0,0,0,0,0,0,0,0,0,0,0,0,0,2,0,0,1,23574
위자,71044,646,0,0,0,0,0,1,0,0,0,0,1,0,0,0,0,0,0,0,1,0,0,1,21160
극장판소드아트온라인-오디널스케일-,71390,209,0,0,0,1,0,0,0,0,1,0,0,0,0,0,0,0,0,0,0,0,0,1,25808
모데카이,71759,553,0,1,1,0,0,0,0,0,0,0,0,0,0,0,0,1,11,0,0,0,1,0,32208
라이언,71801,349,1,0,0,0,0,0,0,0,0,0,0,0,0,0,0,0,3,0,0,0,0,1,24052
달빛궁궐,71813,474,0,0,0,1,0,0,0,0,1,0,0,0,0,0,0,0,0,0,2,0,0,0,8349
자백,72186,262,0,0,0,0,0,0,0,0,0,1,0,0,0,0,0,0,0,0,0,0,1,0,35353
꾸뻬씨의행복여행,72424,447,1,0,0,0,1,0,0,0,0,0,0,0,0,0,0,0,2,0,0,0,0,0,22413
원챈스,72735,607,1,0,1,0,0,0,0,0,0,0,0,0,0,0,0,0,0,0,2,0,1,0,22650
아더우먼,72850,660,0,0,1,0,0,0,0,1,0,0,0,0,0,0,0,0,2,0,2,0,0,1,28514
예수는역사다,73016,402,1,0,0,0,0,0,0,0,0,0,0,0,0,0,0,0,1,0,0,0,0,0,21655
숀더쉽,73797,524,0,0,0,0,1,0,0,0,1,0,0,0,0,0,0,0,0,0,0,0,0,1,35023
걷기왕,74530,883,1,0,0,0,0,0,0,0,0,0,0,0,0,0,0,0,3,0,0,0,0,1,30615
더이퀄라이저,74535,506,0,1,0,0,0,1,0,0,0,0,0,0,0,0,0,0,0,0,1,1,1,0,25501
오마이그랜파,74592,762,0,0,1,0,0,0,0,0,0,0,0,0,0,0,0,0,1,0,0,1,0,1,26648
쓰리썸머나잇,74617,591,0,0,1,0,0,0,0,0,0,0,0,0,0,0,0,0,8,1,0,1,0,1,26028
씬시티다크히어로의부활,75839,673,0,1,0,0,0,1,0,0,0,0,0,0,0,0,1,0,12,0,0,1,0,1,29444
터널3D,76056,519,0,0,0,0,0,1,0,0,0,0,1,0,0,0,0,0,2,0,0,0,0,1,31859
시카리오암살자의도시,76497,423,0,0,0,0,0,1,0,0,0,0,0,0,0,0,0,0,3,0,3,1,0,1,20563
보이후드,76714,419,1,0,0,0,0,0,0,0,0,0,0,0,0,0,0,0,0,0,1,0,1,0,16135
미라클벨리에,76954,485,1,0,0,0,0,0,0,0,0,0,0,0,0,0,0,0,0,0,0,0,1,0,29046
다이노X탐험대,76968,579,0,0,0,0,0,0,0,0,1,1,0,0,0,0,0,0,0,0,0,0,1,0,40226
슈퍼프렌즈,77044,470,0,0,0,0,0,0,0,0,1,0,0,0,0,0,0,0,0,0,0,0,0,1,23848
우먼인골드,77231,499,1,0,0,0,0,0,0,0,0,0,0,0,0,0,0,0,1,0,0,0,0,0,29322
분신사바2,77909,430,0,0,0,0,0,1,0,0,0,0,1,0,0,0,1,0,0,0,0,0,1,0,18006
타임패러독스,78548,457,0,0,0,1,0,1,0,0,0,0,0,0,0,0,0,0,0,0,0,0,0,1,21963
세인트빈센트,78962,575,1,0,1,0,0,0,0,0,0,0,0,0,0,0,0,0,2,0,0,0,0,1,27209
극장판꼬마버스타요의에이스구출작전,80266,347,0,0,0,0,0,0,0,0,1,0,0,0,0,0,0,0,0,0,0,0,0,1,15225
베이블레이드버스트갓갓발키리의탄생,83395,211,0,0,0,0,0,0,0,0,1,0,0,0,0,0,0,0,0,0,3,0,0,0,4376
허큘리스,83521,552,0,1,0,0,1,0,0,0,0,0,0,0,0,0,0,0,6,0,2,0,0,1,23837
최강전사미니특공대영웅의탄생,85463,542,0,0,0,0,0,0,0,0,1,0,0,0,0,0,0,1,0,0,0,0,0,0,8551
나의소녀시대,85864,262,1,0,0,0,0,0,0,1,0,0,0,0,0,0,0,0,0,0,0,0,0,0,18555
마이펫오지,85985,747,0,0,0,0,1,0,0,0,1,0,0,0,0,0,0,0,0,0,3,0,1,0,26263
더시그널,86596,512,0,1,0,1,0,0,0,0,0,0,0,0,0,0,0,0,0,0,3,0,1,0,31680
바스티유데이,86819,800,0,1,0,0,0,0,0,0,0,0,0,0,0,0,0,0,3,0,3,0,0,0,29479
슈퍼빼꼼스파이대작전,86822,622,0,0,1,0,0,0,0,0,1,0,0,0,0,0,0,0,0,0,0,0,0,0,37608
7번째아들,87080,695,0,0,0,0,1,0,0,0,0,0,0,1,0,0,0,0,3,0,1,0,1,0,26736
빌리와용감한녀석들3,87174,475,0,0,0,0,1,0,0,0,1,0,0,0,0,0,1,0,0,0,3,0,0,1,17416
한공주,87430,414,1,0,0,0,0,0,0,0,0,0,0,0,0,0,0,0,0,0,0,1,0,1,25736
포커스,87590,695,0,0,1,0,0,1,0,0,0,0,0,0,0,0,0,0,5,0,2,0,0,1,31640
돌연변이,88215,743,1,0,1,0,0,0,0,0,0,0,0,0,0,0,0,0,4,0,0,0,0,1,28344
극장판또봇로봇군단의습격,88286,282,0,0,0,0,0,0,0,0,1,0,0,0,0,0,1,0,0,0,3,0,0,1,7847
사우스포,88833,659,1,1,0,0,0,0,0,0,0,0,0,0,0,0,0,0,5,0,0,0,0,1,35275
딥워터호라이즌,89136,858,1,1,0,0,0,0,0,0,0,0,0,0,0,0,0,1,4,0,0,0,1,0,27986
크리미널,89654,681,0,1,0,0,0,1,0,0,0,0,0,0,0,0,0,0,8,0,0,0,0,1,29235
헤이트풀8,90079,312,0,1,0,0,0,1,0,0,0,0,0,0,0,0,0,0,8,0,0,1,0,1,25104
무서운이야기3화성에서온소녀,90659,617,0,0,0,0,0,0,0,0,0,0,1,0,0,0,1,0,2,0,3,0,1,0,24882
터키,90850,349,0,0,1,0,0,0,0,0,1,0,0,0,0,0,0,0,0,0,3,0,1,0,30813
최강전사미니특공대새로운악당의습격,91691,347,0,0,0,0,0,0,0,0,1,0,0,0,0,0,1,0,0,0,0,0,0,1,8996
명탐정코난에피소드원-작아진명탐정,91813,338,0,0,0,0,0,0,0,0,1,0,0,0,0,0,0,0,0,0,3,0,0,1,24690
그녀,91995,317,1,0,0,0,0,0,0,1,0,0,0,0,0,0,0,0,6,0,1,1,0,1,21532
다이노소어어드벤처백악기공룡대백과,92540,541,0,0,0,0,0,0,0,0,0,1,0,0,0,0,0,0,0,0,0,0,1,0,43219
맨프롬UNCLE,93809,668,0,1,0,0,1,0,0,0,0,0,0,0,0,0,0,0,3,0,2,0,1,0,23103
니드포스피드,94473,658,0,1,0,0,0,1,0,0,0,0,0,0,0,0,0,0,1,0,0,0,0,1,21233
더기버기억전달자,94998,458,1,0,0,1,0,0,0,0,0,0,0,0,0,0,0,0,2,0,0,0,1,0,26589
공범자들,96148,394,0,0,0,0,0,0,0,0,0,1,0,0,0,0,0,0,0,0,0,0,0,0,28522
짱구는못말려극장판폭풍수면!꿈꾸는세계대돌격,96711,636,0,0,0,0,0,0,0,0,1,0,0,0,0,0,1,1,0,0,2,0,1,0,19319
화장,97690,633,1,0,0,0,0,0,0,0,0,0,0,0,0,0,0,0,8,0,0,1,1,0,33542
다이버전트시리즈얼리전트,98042,762,0,1,0,0,1,0,0,0,0,0,0,0,0,0,1,0,3,0,0,0,1,0,31300
도희야,98797,612,1,0,0,0,0,0,0,0,0,0,0,0,0,0,0,0,6,0,0,1,0,1,31396
루시드드림,99653,920,0,0,0,1,0,1,0,0,0,0,0,0,0,0,0,0,13,0,2,0,1,0,45864
베리굿걸,100061,674,1,0,0,0,0,0,0,1,0,0,0,0,0,0,0,0,2,0,0,0,0,1,34723
눈길,101265,933,1,0,0,0,0,0,0,0,0,0,0,0,0,0,0,0,4,0,0,0,0,0,50085
여교사,102934,752,1,0,0,0,0,0,0,0,0,0,0,0,0,0,0,0,3,0,0,1,0,1,39526
더건맨,103791,666,0,1,0,0,0,1,0,0,0,0,0,0,0,0,0,0,3,0,3,1,0,1,32521
"님아,그강을건너지마오",106398,369,0,0,0,0,0,0,0,0,0,1,0,0,0,0,0,0,0,0,0,0,0,0,24611
플로렌스,108459,755,1,0,0,0,0,0,0,0,0,0,0,0,0,0,0,0,4,0,0,0,1,0,35080
"극장판파워레인저다이노포스VS고버스터즈공룡대결전!~안녕,영원한친구여!~",109338,540,0,1,0,1,0,0,0,0,0,0,0,0,0,0,0,0,0,0,0,0,1,0,48547
존윅,110001,633,0,1,0,0,0,1,0,0,0,0,0,0,0,0,0,0,3,0,0,1,0,0,33498
퇴마무녀굴,111449,658,0,0,0,0,0,1,0,0,0,0,1,0,0,0,0,0,11,1,0,0,0,1,44853
극장판아이엠스타꿈의오디션!,111710,425,0,0,0,0,0,0,0,0,1,0,0,0,0,0,0,0,0,0,3,0,0,0,31557
내사랑,113274,366,1,0,0,0,0,0,0,1,0,0,0,0,0,0,0,0,0,0,0,0,0,1,28935
라스트위치헌터,115093,540,0,1,0,0,1,0,0,0,0,0,0,0,0,0,0,0,4,0,0,0,1,0,49558
워터디바이너,116846,647,1,0,0,0,0,0,0,0,0,0,0,0,1,0,0,0,7,0,3,0,0,1,40011
시간위의집,117086,817,0,0,0,0,0,1,0,0,0,0,0,0,0,0,0,0,6,0,0,0,0,0,36063
명탐정코난코난실종사건-사상최악의이틀,117762,233,0,0,0,0,1,0,0,0,1,0,0,0,0,0,0,1,0,0,3,0,0,1,20494
맨홀,120410,564,0,0,0,0,0,1,0,0,0,0,1,0,0,0,0,0,10,0,3,1,0,0,59285
발레리나,120445,642,0,0,0,0,1,0,0,0,1,0,0,0,0,0,0,0,0,0,0,0,1,0,20932
가시,121292,672,1,0,0,0,0,0,0,1,0,0,0,0,0,0,0,0,2,0,0,1,1,0,44684
레고배트맨무비,122617,754,0,1,0,0,0,0,0,0,1,0,0,0,0,0,0,0,0,0,2,0,0,1,45269
13시간,124249,727,1,1,0,0,0,0,0,0,0,0,0,0,0,0,0,0,0,0,3,0,0,1,30310
기생수파트1,124430,417,0,0,0,1,0,1,0,0,0,0,0,0,0,0,0,0,0,0,0,1,1,0,36606
극장판도라에몽진구의아프리카모험~베코와5인의탐험대~,124871,327,0,0,0,0,1,0,0,0,1,0,0,0,0,0,1,1,0,0,0,0,0,1,5384
은밀한유혹,124999,779,0,0,0,0,0,1,0,1,0,0,0,0,0,0,0,0,7,1,3,0,0,1,44653
짱구는못말려극장판나의이사이야기선인장대습격,125446,615,0,0,0,0,0,0,0,0,1,0,0,0,0,0,1,0,0,0,2,0,0,1,32097
나의절친악당들,125467,759,0,1,0,0,0,1,0,0,0,0,0,0,0,0,0,0,11,3,2,1,1,0,51486
괴물의아이,126746,663,0,0,0,1,0,0,0,0,1,0,0,0,0,0,0,0,0,0,0,0,0,1,28774
캐롤,127230,325,1,0,0,0,0,0,0,0,0,0,0,0,0,0,0,1,4,0,0,1,0,1,32718
극장판루팡3세VS명탐정코난,129075,438,0,0,0,0,0,0,0,0,1,0,0,0,0,0,0,0,0,0,3,0,1,0,8421
미스컨덕트,129279,802,0,0,0,0,0,1,0,0,0,0,0,0,0,0,0,0,19,0,0,0,1,0,41297
제5침공,129584,583,0,1,0,0,1,0,0,0,0,0,0,0,0,0,0,0,1,0,1,0,0,1,36433
워킹걸,132958,602,0,0,1,0,0,0,0,1,0,0,0,0,0,0,0,0,4,0,0,1,0,0,33792
19곰테드2,133198,569,0,0,1,0,0,0,0,0,0,0,0,0,0,0,1,0,16,0,1,1,0,0,38448
서울역,134917,860,0,0,0,0,0,0,0,0,1,0,0,0,0,0,0,0,0,1,2,0,0,1,53984
그랜드부다페스트호텔,135103,161,0,0,0,0,1,1,0,0,0,0,0,0,0,0,0,0,5,0,2,1,0,1,23969
조이,136090,760,1,0,1,0,0,0,0,0,0,0,0,0,0,0,0,0,5,0,2,0,0,0,40227
아빠를빌려드립니다,137681,646,0,0,1,0,0,0,0,0,0,0,0,1,0,0,0,0,5,0,0,0,0,1,37467
글로리데이,138126,862,1,0,0,0,0,0,0,0,0,0,0,0,0,0,0,0,0,0,0,0,1,0,43018
익스펜더블3,138284,626,0,1,0,0,1,0,0,0,0,0,0,0,0,0,1,0,5,0,3,0,1,0,39085
론서바이버,139637,570,1,1,0,0,0,0,0,0,0,0,0,0,0,0,0,0,2,0,1,0,0,1,39341
오즈의마법사돌아온도로시,140874,507,0,0,0,1,0,0,0,0,1,0,0,0,0,0,0,1,0,0,0,0,0,1,26925
창문넘어도망친100세노인,141622,520,0,0,1,0,1,0,0,0,0,0,0,0,0,0,0,0,0,0,0,0,0,0,29213
비긴어게인,142843,377,0,0,0,0,0,0,0,1,0,0,0,0,0,0,0,0,5,0,0,0,0,1,37848
그레이스오브모나코,143005,658,1,0,0,0,0,0,0,0,0,0,0,0,0,0,0,0,3,0,3,0,1,0,36637
비정규직특수요원,143683,915,0,1,1,0,0,0,0,0,0,0,0,0,0,0,0,0,4,0,0,0,0,0,45662
라스트베가스,146186,649,0,0,1,0,0,0,0,0,0,0,0,0,0,0,0,0,3,0,0,0,0,1,43592
천재강아지미스터피바디,146848,664,0,0,0,0,1,0,0,0,1,0,0,0,0,0,0,0,0,0,3,0,0,1,14023
트랜스포터리퓰드,146897,835,0,1,0,0,0,1,0,0,0,0,0,0,0,0,1,0,0,0,0,0,0,1,46135
스누피더피너츠무비,147413,671,0,0,0,0,1,0,0,0,1,0,0,0,0,0,0,0,0,0,2,0,0,1,70049
핵소고지,147581,861,1,0,0,0,0,0,0,0,0,0,0,0,1,0,0,0,10,0,0,0,0,0,47437
대배우,148756,928,0,0,1,0,0,0,0,0,0,0,0,0,0,0,0,0,20,0,0,0,1,0,50369
컬러풀웨딩즈,149154,665,0,0,1,0,0,0,0,0,0,0,0,0,0,0,0,0,0,0,0,0,0,1,42630
스포트라이트,150281,607,1,0,0,0,0,1,0,0,0,0,0,0,0,0,0,0,7,0,0,0,0,1,38418
더큐어,150516,813,0,0,0,0,0,1,0,0,0,0,0,0,0,0,0,0,0,0,2,1,0,1,50664
매직브러시,152076,794,0,0,0,0,0,0,0,0,1,0,0,0,0,0,0,0,0,0,0,0,0,0,78549
50가지그림자심연,152504,843,1,0,0,0,0,0,0,1,0,0,0,0,0,0,1,0,0,0,1,1,0,1,50343
옥자,152840,190,0,1,0,0,1,0,0,0,0,0,0,0,0,0,0,0,3,3,2,0,0,1,49479
빅,153581,655,0,0,0,0,1,0,0,0,1,0,0,0,0,0,0,0,0,0,0,0,1,0,47818
버드맨,156077,708,1,0,1,0,0,0,0,0,0,0,0,0,0,0,0,0,4,0,2,1,0,1,45182
더셰프,156680,769,1,0,0,0,0,0,0,0,0,0,0,0,0,0,0,0,4,0,0,0,0,0,46200
아메리칸울트라,157193,660,0,1,1,0,0,0,0,0,0,0,0,0,0,0,0,0,7,0,3,1,1,0,59993
루돌프와많이있어,158860,588,0,0,0,0,0,0,0,0,1,0,0,0,0,0,0,0,0,0,3,0,0,1,31721
원피스필름골드,159749,686,0,0,0,0,1,0,0,0,1,0,0,0,0,0,1,0,0,0,3,0,1,0,44734
마야,160029,346,0,0,0,0,0,0,0,0,1,0,0,0,0,0,0,1,0,0,0,0,0,1,9121
덤앤더머투,161141,684,0,0,1,0,0,0,0,0,0,0,0,0,0,0,0,0,1,0,0,0,0,0,55866
팬,162788,832,0,0,0,1,1,0,0,0,0,0,0,0,0,0,0,0,0,0,2,0,1,0,67495
덕수리5형제,163048,666,0,0,1,0,0,1,0,0,0,0,0,0,0,0,0,0,3,0,3,0,0,1,48288
포켓몬더무비XY&Z「볼케니온기계왕국의비밀」,171224,609,0,0,0,0,1,0,0,0,1,0,0,0,0,0,1,0,0,0,0,0,1,0,17056
드림쏭,172407,728,0,0,0,0,0,0,0,0,1,0,0,0,0,0,0,1,0,0,0,0,1,0,49557
툼스톤,173031,745,0,1,0,0,0,1,0,0,0,0,0,0,0,0,0,0,7,0,0,1,0,1,52561
아이엠어히어로,174156,359,0,1,0,0,0,0,0,0,0,0,1,0,0,0,0,0,0,0,0,1,0,1,46488
레전드,175320,874,0,1,0,0,0,1,0,0,0,0,0,0,0,0,0,0,5,0,0,1,0,1,63550
언프렌디드친구삭제,175506,626,0,0,0,0,0,1,0,0,0,0,1,0,0,0,0,0,0,0,1,0,0,1,48083
극장판요괴워치염라대왕과5개의이야기다냥!,176225,621,0,0,0,0,0,0,0,0,1,0,0,0,0,0,1,0,0,0,3,0,0,1,19083
일곱난쟁이,176365,456,0,0,0,0,1,0,0,0,1,0,0,0,0,0,0,0,0,0,0,0,0,1,65994
극장판짱구는못말려습격!!외계인덩덩이,177506,629,0,0,0,0,0,0,0,0,1,0,0,0,0,0,1,0,0,0,3,0,1,0,19570
선오브갓,178875,694,1,0,0,0,0,0,0,0,0,0,0,0,0,0,0,0,0,0,0,0,1,0,48226
개를훔치는완벽한방법,179136,401,1,0,0,0,0,0,0,0,0,0,0,1,0,0,0,0,6,0,0,0,0,1,80633
남과여,179476,873,0,0,0,0,0,0,0,1,0,0,0,0,0,0,0,0,8,0,3,1,0,1,63271
노아의방주남겨진녀석들,179820,540,0,0,0,0,0,0,0,0,1,0,0,0,0,0,0,0,0,0,0,0,0,1,28944
뮨달의요정,180038,474,0,0,0,0,0,0,0,0,1,0,0,0,0,0,0,1,0,0,0,0,1,0,11687
연애의맛,182810,788,0,0,1,0,0,0,0,1,0,0,0,0,0,0,0,0,5,0,3,1,0,1,39541
아기배달부스토크,182831,756,0,0,0,0,0,0,0,0,1,0,0,0,0,0,0,0,0,0,2,0,1,0,19448
쓰리데이즈투킬,184633,674,0,1,0,0,0,1,0,0,0,0,0,0,0,0,0,0,1,1,3,0,0,0,51711
뽀로로극장판컴퓨터왕국대모험,185830,733,0,0,0,0,0,0,0,0,1,0,0,0,0,0,1,0,0,0,2,0,0,1,24468
소셜포비아,186043,709,1,0,0,0,0,1,0,0,0,0,0,0,0,0,0,0,0,0,0,0,0,1,53418
포켓몬더무비XY후파광륜의초마신,186474,580,0,0,0,0,1,0,0,0,1,0,0,0,0,0,1,0,0,0,0,0,1,0,22639
하늘을걷는남자,186481,765,1,0,0,0,0,0,0,0,0,0,0,0,0,0,0,0,7,0,1,0,1,0,37160
독수리에디,186930,1031,1,0,0,0,0,0,0,0,0,0,0,0,0,0,0,0,7,0,2,0,0,1,55920
빅풋주니어,187814,767,0,0,0,0,1,0,0,0,1,0,0,0,0,0,0,0,0,0,0,0,0,1,44194
헤라클레스레전드비긴즈,190117,763,0,1,0,1,0,0,0,0,0,0,0,0,0,0,0,0,0,0,2,0,0,0,59570
어느날,192671,942,0,0,0,0,0,0,0,1,0,0,0,0,0,0,0,0,5,0,0,0,0,0,53319
극장판포켓몬스터XY파괴의포켓몬과디안시,193924,632,0,0,0,0,0,0,0,0,1,0,0,0,0,0,1,0,0,0,3,0,0,0,51247
다이노타임,194167,472,0,0,0,0,1,0,0,0,1,0,0,0,0,0,0,0,0,0,3,0,0,1,21718
히든피겨스,196427,832,1,0,0,0,0,0,0,0,0,0,0,0,0,0,0,0,1,0,2,0,1,0,52376
레드카펫,198186,760,0,0,1,0,0,0,0,1,0,0,0,0,0,0,0,0,0,0,0,0,0,0,64600
스파이브릿지,198416,723,1,0,0,0,0,1,0,0,0,0,0,0,0,0,0,0,2,0,2,0,1,0,49375
앨빈과슈퍼밴드악동어드벤처,199763,700,0,0,0,0,1,0,0,0,1,0,0,0,0,0,0,1,0,0,2,0,0,1,21200
아메리칸스나이퍼,203398,582,0,1,0,0,0,0,0,0,0,0,0,0,0,0,0,0,2,0,2,1,0,1,44388
오큘러스,205187,577,0,0,0,0,0,1,0,0,0,0,1,0,0,0,0,0,0,0,0,0,0,0,59751
혼숨,207397,861,0,0,0,0,0,0,0,0,0,0,1,0,0,0,0,0,2,0,0,0,0,1,57423
닌자터틀어둠의히어로,208444,1005,0,1,0,0,1,0,0,0,0,0,0,0,0,0,1,0,1,0,3,0,0,1,56687
존윅-리로드,209208,437,0,1,0,0,0,1,0,0,0,0,0,0,0,0,1,0,4,0,0,1,1,0,65642
목소리의형태,214322,888,0,0,0,0,0,0,0,1,1,0,0,0,0,0,0,0,0,0,0,0,0,1,96907
도라에몽스탠바이미,216080,666,0,0,0,0,0,0,0,0,1,0,0,0,0,0,0,1,0,0,2,0,0,0,36677
노벰버맨,216093,734,0,1,0,0,0,1,0,0,0,0,0,0,0,0,0,0,4,0,3,0,1,0,65042
스폰지밥3D,218018,705,0,0,0,0,1,0,0,0,1,0,0,0,0,0,0,1,0,0,3,0,1,0,55432
극장판안녕자두야,218623,864,0,0,0,0,0,0,0,0,1,0,0,0,0,0,0,0,0,0,3,0,1,0,96525
비행기2소방구조대,220902,553,0,0,0,0,1,0,0,0,1,0,0,0,0,0,1,0,0,0,0,0,1,0,34369
순정,223830,902,1,0,0,0,0,0,0,0,0,0,0,0,0,0,0,0,9,0,0,0,0,1,103169
백투더비기닝,226062,746,0,0,0,1,0,1,0,0,0,0,0,0,0,0,0,0,0,0,3,0,0,0,94312
런올나이트,228725,724,0,1,0,0,0,1,0,0,0,0,0,0,0,0,0,0,10,0,2,1,0,1,63051
비밀은없다,234694,937,0,0,0,0,0,1,0,0,0,0,0,0,0,0,0,0,11,0,3,1,0,1,100854
패딩턴,235622,703,0,0,1,0,0,0,0,0,0,0,0,1,0,0,0,0,3,0,3,0,0,1,52386
사랑에대한모든것,236943,758,0,0,0,0,0,0,0,1,0,0,0,0,0,0,0,0,0,0,1,0,0,1,59381
구스범스,237196,919,0,1,0,0,1,0,0,0,0,0,0,0,0,0,0,0,3,0,1,0,0,1,66529
극적인하룻밤,237722,784,0,0,1,0,0,0,0,1,0,0,0,0,0,0,0,0,3,0,0,1,0,1,71751
거울나라의앨리스,238491,871,0,0,0,0,1,0,0,0,0,0,0,1,0,0,1,0,16,0,0,0,1,0,36804
언브로큰,238849,730,1,1,0,0,0,0,0,0,0,0,0,0,0,0,0,0,2,0,1,0,0,0,54852
싱스트리트,238999,952,1,0,0,0,0,0,0,1,0,0,0,0,0,0,0,0,1,0,0,0,0,1,67363
투모로우랜드,239182,841,0,1,0,0,1,0,0,0,0,0,0,0,0,0,0,0,2,0,0,0,0,0,45674
"러브,로지",240284,705,0,0,1,0,0,0,0,1,0,0,0,0,0,0,0,0,1,0,2,0,0,0,66379
함정,240411,752,0,0,0,0,0,1,0,0,0,0,0,0,0,0,0,0,4,0,0,1,1,0,80520
미녀와야수,240453,685,0,0,0,1,0,0,0,1,0,0,0,0,0,0,0,0,8,0,2,0,1,0,42995
위자저주의시작,241280,733,0,0,0,0,0,0,0,0,0,0,1,0,0,0,0,0,0,0,1,0,0,0,48838
인서전트,243013,882,0,1,0,1,0,0,0,0,0,0,0,0,0,0,1,0,4,0,3,0,0,1,63923
포인트브레이크,243316,727,0,1,0,0,0,1,0,0,0,0,0,0,0,0,0,0,3,0,1,0,0,1,67481
하이힐,244247,676,0,1,0,0,0,1,0,0,0,0,0,0,0,0,0,0,7,3,3,1,0,0,67974
홈,247715,672,0,0,0,0,1,0,0,0,1,0,0,0,0,0,0,0,0,0,3,0,0,0,16698
위대한소원,249616,1045,1,0,1,0,0,0,0,0,0,0,0,0,0,0,0,0,1,0,2,0,1,0,93746
빅쇼트,251483,818,1,0,0,0,0,0,0,0,0,0,0,0,0,0,0,0,9,0,3,1,1,0,59295
명탐정코난이차원의저격수,256052,493,0,0,0,0,0,1,0,0,1,0,0,0,0,0,1,0,0,0,3,0,1,0,63785
도리화가,264848,1094,1,0,0,0,0,0,1,0,0,0,0,0,0,0,0,0,13,0,3,0,0,1,90195
소수의견,268255,763,1,0,0,0,0,0,0,0,0,0,0,0,0,0,0,0,10,0,1,0,0,1,76253
에베레스트,276347,657,1,0,0,0,1,0,0,0,0,0,0,0,0,0,0,1,12,0,1,0,0,0,61282
눈의여왕3눈과불의마법대결,281338,936,0,0,0,0,1,0,0,0,1,0,0,0,0,0,1,0,0,0,0,0,0,1,71471
언더워터,281711,772,0,0,0,0,0,1,0,0,0,0,1,0,0,0,0,0,0,0,1,0,1,0,58033
앵그리버드더무비,281940,840,0,0,0,0,0,0,0,0,1,0,0,0,0,0,0,0,0,0,1,0,1,0,25021
해어화,286063,1103,1,0,0,0,0,0,1,0,0,0,0,0,0,0,0,0,10,0,3,0,0,1,109851
사랑하기때문에,286888,991,0,0,1,0,0,0,0,1,0,0,0,0,0,0,0,0,10,0,2,0,1,0,99973
계춘할망,287965,998,1,0,0,0,0,0,0,0,0,0,0,1,0,0,0,0,7,2,0,0,0,1,83702
주피터어센딩,293131,1101,0,1,0,1,0,0,0,0,0,0,0,0,0,0,0,0,4,0,2,0,1,0,90347
클로버필드10번지,295866,1008,0,0,0,0,0,1,0,0,0,0,0,0,0,0,0,0,1,0,3,0,0,0,100018
터닝메카드W블랙미러의부활,297486,983,0,0,0,0,0,0,0,0,1,0,0,0,0,0,1,0,0,0,0,0,1,0,79505
스머프비밀의숲,297977,929,0,0,0,0,0,0,0,0,1,0,0,1,0,0,0,0,0,0,0,0,0,1,79770
좋은친구들,298194,702,1,0,0,0,0,1,0,0,0,0,0,0,0,0,0,0,5,0,3,1,0,0,117988
트롤,301508,1036,0,0,0,0,0,0,0,0,1,0,0,0,0,0,0,0,0,0,3,0,1,0,62895
그레이의50가지그림자,302902,1022,1,0,0,0,0,0,0,1,0,0,0,0,0,0,0,0,0,0,1,1,0,1,130696
숲속으로,307607,707,0,0,0,0,0,0,0,0,0,0,0,0,0,1,0,0,11,0,0,0,1,0,152685
명탐정코난화염의해바라기,307660,756,0,0,0,0,0,0,0,0,1,0,0,0,0,0,1,0,0,0,3,0,0,1,100857
"안녕,헤이즐",308503,514,1,0,0,0,0,0,0,1,0,0,0,0,0,0,0,0,0,0,2,0,1,0,72573
싱글라이더,311918,1085,1,0,0,0,0,0,0,0,0,0,0,0,0,0,0,0,15,0,2,0,1,0,106872
석조저택살인사건,313488,953,0,0,0,0,0,1,0,0,0,0,0,0,0,0,0,0,12,0,0,0,0,0,115074
아이스에이지지구대충돌,314954,982,0,0,0,0,1,0,0,0,1,0,0,0,0,0,1,0,0,0,2,0,1,0,36493
위험한상견례2,316144,763,0,0,1,0,0,0,0,1,0,0,0,0,0,0,1,0,6,2,3,0,1,0,50754
무뢰한,317648,956,0,0,0,0,0,0,0,1,0,0,0,0,0,0,0,0,7,0,0,1,0,1,94314
카3새로운도전,318581,1083,0,0,0,0,1,0,0,0,1,0,0,0,0,0,1,0,0,0,0,0,1,0,40531
내심장을쏴라,319644,852,1,0,0,0,0,0,0,0,0,0,0,0,0,0,0,0,6,0,0,0,0,1,104937
경성학교사라진소녀들,320108,946,1,0,0,0,0,1,0,0,0,0,0,0,0,0,0,0,6,0,3,0,0,1,111513
헬머니,320247,748,0,0,1,0,0,0,0,0,0,0,0,0,0,0,0,0,14,1,2,1,0,0,79895
보통사람,321291,1241,1,0,0,0,0,0,0,0,0,0,0,0,0,0,0,0,6,0,0,0,0,0,85439
치외법권,323629,836,0,1,0,0,0,0,0,0,0,0,0,0,0,0,0,0,10,0,0,0,0,0,101831
동주,324625,758,1,0,0,0,0,0,0,0,0,0,0,0,0,0,0,0,2,8,0,0,1,0,51397
다이버전트,324964,951,0,0,0,1,0,0,0,0,0,0,0,0,0,0,0,0,2,0,3,0,1,0,65493
스텝업올인,325186,555,1,0,0,0,0,0,0,1,0,0,0,0,0,0,1,1,2,0,0,0,0,1,63569
아빠는딸,333030,924,0,0,1,0,0,0,0,0,0,0,0,0,0,0,0,0,5,0,0,0,1,0,72569
헌츠맨윈터스워,334710,994,0,1,0,0,1,0,0,0,0,0,0,0,0,0,0,0,10,0,1,0,0,1,134122
"로봇,소리",335060,1210,1,0,0,0,0,0,0,0,0,0,0,0,0,0,0,0,9,1,3,0,0,1,119046
나의독재자,335291,1291,1,0,0,0,0,0,0,0,0,0,0,0,0,0,0,0,18,0,3,0,1,0,121474
고스트버스터즈,335848,856,0,1,1,0,0,0,0,0,0,0,0,0,0,0,0,0,7,0,1,0,0,0,74938
오피스,337189,791,0,0,0,0,0,1,0,0,0,0,0,0,0,0,0,0,5,0,0,0,1,0,109082
원라인,337386,1207,0,0,0,0,0,1,0,0,0,0,0,0,0,0,0,0,5,0,2,0,0,1,93754
소녀괴담,339863,741,0,0,0,0,0,1,0,0,0,0,1,0,0,0,0,0,0,0,0,0,0,0,77196
어쌔신크리드,342419,1097,0,1,0,0,1,0,0,0,0,0,0,0,0,0,0,0,8,0,2,0,0,0,103267
미비포유,347100,779,1,0,0,0,0,0,0,1,0,0,0,0,0,0,0,0,2,0,2,0,0,1,61896
주온끝의시작,348589,699,0,0,0,0,0,0,0,0,0,0,1,0,0,0,1,0,0,0,2,0,1,0,86862
극장판요괴워치탄생의비밀이다냥!,350457,826,0,0,0,0,0,0,0,0,1,0,0,0,0,0,0,0,0,0,3,0,0,1,60010
판타스틱4,354682,868,0,1,0,1,0,0,0,0,0,0,0,0,0,0,0,0,3,0,2,0,0,1,120729
마담뺑덕,361536,1045,0,0,0,0,0,0,0,1,0,0,0,0,0,0,0,0,6,1,3,1,0,1,162666
어린왕자,366117,891,0,0,0,1,0,0,0,0,1,0,0,0,0,0,0,0,0,0,0,0,0,0,67048
황제를위하여,372799,747,0,1,0,0,0,1,0,0,0,0,0,0,0,0,0,0,6,0,0,1,1,0,94023
"고산자,대동여지도",373983,1529,0,0,0,0,0,0,1,0,0,0,0,0,0,0,0,0,10,6,3,0,0,1,81253
킹아서제왕의검,375452,1121,0,1,0,1,0,0,0,0,0,0,0,0,0,0,0,0,6,0,2,0,0,1,120317
인시디어스3,379594,699,0,0,0,0,0,0,0,0,0,0,1,0,0,0,1,0,0,0,1,0,0,1,88437
나를잊지말아요,385719,1027,0,0,0,0,0,0,0,1,0,0,0,0,0,0,0,0,9,0,3,0,1,0,126325
명탐정코난순흑의악몽,387307,816,0,0,0,0,0,1,0,0,1,0,0,0,0,0,1,0,0,0,3,0,1,0,146096
널기다리며,392487,933,0,0,0,0,0,1,0,0,0,0,0,0,0,0,0,0,8,0,2,1,0,1,99583
"협녀,칼의기억",394400,1134,0,1,0,0,0,0,1,0,0,0,0,0,0,0,0,0,13,0,3,0,0,0,182971
런던해즈폴른,394943,933,0,1,0,0,0,1,0,0,0,0,0,0,0,0,0,0,6,0,0,0,1,0,85110
설리허드슨강의기적,396491,1073,1,0,0,0,0,0,0,0,0,0,0,0,0,0,0,0,4,0,2,0,0,1,107454
순수의시대,402861,1035,1,0,0,0,0,0,1,0,0,0,0,0,0,0,0,0,9,2,3,1,0,0,131533
위플래쉬,409149,665,1,0,0,0,0,0,0,0,0,0,0,0,0,0,0,0,1,0,3,0,0,1,98206
얼라이드,409243,984,1,0,0,0,0,1,0,0,0,0,0,0,0,0,0,0,8,0,3,0,0,1,91236
패션왕,412431,1041,1,0,1,0,0,0,0,0,0,0,0,0,0,0,0,0,1,1,2,0,1,0,105494
열정같은소리하고있네,414567,1116,1,0,0,0,0,0,0,0,0,0,0,0,0,0,0,0,12,2,2,0,1,0,115907
가려진시간,415520,1756,1,0,0,1,0,0,0,0,0,0,0,0,0,0,0,0,9,0,3,0,0,0,150334
리얼,415747,1888,0,1,0,0,0,0,0,0,0,0,0,0,0,0,0,0,13,0,3,1,0,0,208589
신데렐라,420640,855,0,0,0,0,0,0,0,1,0,0,0,0,0,0,0,0,0,0,0,0,0,1,88390
몬스터,425163,958,0,0,0,0,0,1,0,0,0,0,0,0,0,0,0,0,5,1,3,1,0,1,149547
트리플엑스리턴즈,428038,1122,0,1,0,0,1,0,0,0,0,0,0,0,0,0,1,0,10,0,3,0,1,0,113424
그레이트월,428967,1191,0,1,0,1,0,0,0,0,0,0,0,0,0,0,0,0,6,0,1,0,0,1,98350
채피,437579,1047,0,1,0,0,0,1,0,0,0,0,0,0,0,0,0,0,11,0,1,0,1,0,103199
브리짓존스의베이비,439972,889,0,0,1,0,0,0,0,1,0,0,0,0,0,0,1,0,3,0,1,0,0,1,125757
하트오브더씨,456173,1021,0,1,0,0,1,0,0,0,0,0,0,0,0,0,0,0,5,0,2,0,0,1,104329
컨택트,457862,1067,1,0,0,1,0,0,0,0,0,0,0,0,0,0,0,0,0,0,1,0,0,1,120420
미쓰와이프,461185,828,0,0,1,0,0,0,0,0,0,0,0,0,0,0,0,0,9,1,0,0,0,1,157032
메카닉리크루트,463739,588,0,1,0,0,0,1,0,0,0,0,0,0,0,0,0,0,5,0,0,0,0,0,141560
눈의여왕2트롤의마법거울,470717,771,0,0,0,1,0,0,0,0,1,0,0,0,0,0,1,0,0,0,0,0,0,0,175721
그날의분위기,475388,1167,0,0,0,0,0,0,0,1,0,0,0,0,0,0,0,0,4,0,3,0,0,1,143454
트랜센던스,489979,717,0,1,0,1,0,0,0,0,0,0,0,0,0,0,0,0,10,0,3,0,1,0,103254
장수상회,493627,1293,1,0,0,0,0,0,0,1,0,0,0,0,0,0,0,0,13,1,3,0,1,0,128861
특종량첸살인기,495248,1543,0,0,0,0,0,1,0,0,0,0,0,0,0,0,0,0,5,1,3,0,0,1,169285
헝거게임더파이널,508380,1082,0,1,0,0,1,0,0,0,0,0,0,0,0,0,1,0,7,0,3,0,0,0,107745
우는남자,518804,1008,1,1,0,0,0,0,0,0,0,0,0,0,0,0,0,0,5,1,3,1,1,0,236484
서부전선,522978,988,1,0,0,0,0,0,0,0,0,0,0,0,1,0,0,1,11,0,3,0,0,1,101284
47미터,523344,1147,0,0,0,0,0,1,0,0,0,0,1,0,0,0,0,0,0,0,0,0,0,1,138247
잭리처네버고백,526330,1282,0,1,0,0,0,1,0,0,0,0,0,0,0,0,1,0,8,0,3,0,0,1,174085
애나벨,527387,753,0,0,0,0,0,0,0,0,0,0,1,0,0,0,0,0,0,0,2,0,1,0,210907
스플릿,529426,1178,1,0,0,0,0,0,0,0,0,0,0,0,0,0,0,0,5,0,0,0,0,1,102623
우리는형제입니다,532416,1050,1,0,1,0,0,0,0,0,0,0,0,0,0,0,0,0,12,3,3,0,0,1,141920
카트,533544,1077,1,0,0,0,0,0,0,0,0,0,0,0,0,0,0,0,10,0,0,0,1,0,189247
인페르노,537834,1477,0,0,0,0,0,1,0,0,0,0,0,0,0,0,0,0,6,0,1,0,0,0,123420
리오2,546684,833,0,0,1,0,0,0,0,0,1,0,0,0,0,0,1,0,0,0,2,0,1,0,74873
국가대표2,546764,1113,1,0,0,0,0,0,0,0,0,0,0,0,0,0,1,0,18,0,0,0,0,1,143887
레지던트이블파멸의날,547180,1091,0,1,0,0,0,0,0,0,0,0,1,0,0,0,1,1,1,0,1,1,0,1,144193
조선마술사,555002,1179,1,0,0,0,0,0,0,0,0,0,0,0,0,0,0,0,0,2,3,0,1,0,224657
주토피아,561204,1140,0,1,0,0,0,0,0,0,1,0,0,0,0,0,0,0,0,0,0,0,0,0,92938
픽셀,565525,1087,0,1,0,0,1,0,0,0,0,0,0,0,0,0,0,0,2,0,1,0,0,1,157117
좋아해줘,574070,1232,0,0,1,0,0,0,0,1,0,0,0,0,0,0,0,0,13,1,3,0,0,1,156675
방황하는칼날,581205,999,0,0,0,0,0,1,0,0,0,0,0,0,0,0,0,0,8,1,3,1,1,0,158806
"날,보러와요",585375,934,0,0,0,0,0,1,0,0,0,0,0,0,0,0,0,0,3,0,0,1,0,0,101399
사냥,598528,1361,0,1,0,0,0,0,0,0,0,0,0,0,0,0,0,0,18,0,3,0,0,0,234746
고질라,605823,1178,0,1,0,1,0,0,0,0,0,0,0,0,0,0,0,0,3,0,2,0,0,1,176821
헝거게임모킹제이,609332,1213,0,0,0,1,1,0,0,0,0,0,0,0,0,0,1,0,16,0,3,0,0,0,187309
갓오브이집트,610123,990,0,0,0,1,1,0,0,0,0,0,0,0,0,0,0,0,2,0,1,0,0,0,130641
살인의뢰,615046,989,0,0,0,0,0,1,0,0,0,0,0,0,0,0,0,0,7,0,0,1,1,0,175271
시간이탈자,625254,1319,0,0,0,0,0,1,0,0,0,0,0,0,0,0,0,0,12,0,3,0,1,0,210615
공각기동대고스트인더쉘,632425,1515,0,0,0,1,0,1,0,0,0,0,0,0,0,0,0,0,7,0,3,0,1,0,177399
라이트아웃,632907,901,0,0,0,0,0,0,0,0,0,0,1,0,0,0,0,0,1,0,2,0,0,1,136965
악녀,637364,1153,0,1,0,0,0,0,0,0,0,0,0,0,0,0,0,0,0,1,2,1,0,1,158170
드라큘라전설의시작,638631,761,0,1,0,1,0,0,0,0,0,0,0,0,0,0,0,0,3,0,1,0,0,0,215872
상의원,646720,920,1,0,0,0,0,0,1,0,0,0,0,0,0,0,0,0,14,0,3,0,0,0,306941
레전드오브타잔,647170,1079,0,1,0,0,1,0,0,0,0,0,0,0,0,0,0,0,7,0,2,0,0,0,146338
퓨리,658928,1028,1,1,0,0,0,0,0,0,0,0,0,0,0,0,0,0,9,0,0,0,0,1,164977
박물관이살아있다비밀의무덤,660791,876,0,0,1,0,1,0,0,0,0,0,0,0,0,0,1,0,8,0,2,0,1,0,133143
맨인더다크,662787,973,0,0,0,0,0,1,0,0,0,0,0,0,0,0,0,0,1,0,1,1,1,0,175664
우아한거짓말,679712,972,1,0,0,0,0,0,0,0,0,0,0,0,0,0,0,0,4,2,0,0,1,0,147663
씽,681445,1121,0,0,0,0,0,0,0,0,1,0,0,0,0,1,0,0,0,0,1,0,0,1,69414
불한당나쁜놈들의세상,683313,1613,0,1,0,0,0,1,0,0,0,0,0,0,0,0,0,0,11,1,3,1,0,1,213201
말레피센트,686979,907,0,1,0,0,1,0,0,0,0,0,0,0,0,0,0,0,5,0,0,0,0,0,136463
허삼관,690891,1205,1,0,0,0,0,0,0,0,0,0,0,0,0,0,0,0,15,0,2,0,0,1,165516
간신,694266,1347,0,0,0,0,0,0,1,0,0,0,0,0,0,0,0,0,13,3,3,1,0,1,185546
성난변호사,694752,1200,0,1,0,0,0,1,0,0,0,0,0,0,0,0,0,0,7,0,3,0,1,0,264076
굿다이노,696121,1215,0,0,0,0,1,0,0,0,1,0,0,0,0,0,0,0,0,0,0,0,1,0,150082
오빠생각,696682,1692,1,0,0,0,0,0,0,0,0,0,0,0,1,0,0,0,5,3,2,0,0,1,187437
손님,700598,1101,0,0,0,1,0,0,0,0,0,0,1,0,0,0,0,0,11,0,3,0,0,0,265342
나를찾아줘,708052,1131,0,0,0,0,0,1,0,0,0,0,0,0,0,0,0,0,0,0,2,1,0,1,163212
라라랜드,720539,1415,1,0,0,0,0,0,0,0,0,0,0,0,0,1,0,0,2,0,0,0,0,1,136302
빅매치,724798,1244,0,1,0,0,0,0,0,0,0,0,0,0,0,0,0,0,10,1,2,0,1,0,232447
특별수사사형수의편지,726444,1366,1,0,0,0,0,1,0,0,0,0,0,0,0,0,0,0,23,1,2,0,1,0,201037
대립군,729338,1585,1,0,0,0,0,0,1,0,0,0,0,0,0,0,0,0,14,1,2,0,1,0,220155
매그니피센트7,734709,1129,0,1,0,0,0,0,1,0,0,0,0,0,0,0,0,1,13,0,1,0,0,1,288407
그놈이다,737292,1051,0,0,0,0,0,1,0,0,0,0,0,0,0,0,0,0,10,0,0,0,0,1,171964
이미테이션게임,746863,891,1,0,0,0,0,1,0,0,0,0,0,0,0,0,0,1,5,0,0,0,0,1,168629
"당신,거기있어줄래요",751600,1520,1,0,0,1,0,0,0,0,0,0,0,0,0,0,0,0,12,1,3,0,0,1,203408
컨저링2,769662,969,0,0,0,0,0,0,0,0,0,0,1,0,0,0,1,0,6,0,2,0,1,0,180030
슬로우비디오,775726,1214,1,0,1,0,0,0,0,0,0,0,0,0,0,0,0,0,6,1,2,0,0,0,332699
스타트렉비욘드,780909,1417,0,1,0,1,0,0,0,0,0,0,0,0,0,0,0,0,16,0,3,0,1,0,185007
인간중독,789060,1179,1,0,0,0,0,0,0,1,0,0,0,0,0,0,0,0,4,2,2,1,0,0,201434
가디언즈오브갤럭시,816946,1036,0,1,0,0,1,0,0,0,0,0,0,0,0,0,0,0,4,0,0,0,1,0,247038
워크래프트전쟁의서막,821638,1439,0,1,0,0,1,0,0,0,0,0,0,0,0,0,0,0,2,0,1,0,0,1,236441
노무현입니다,823799,1239,0,0,0,0,0,0,0,0,0,1,0,0,0,0,0,0,0,0,0,0,0,1,181129
쎄시봉,834162,1530,0,0,1,0,0,0,0,1,0,0,0,0,0,0,0,0,16,2,3,0,1,0,217607
인턴,839500,752,0,0,1,0,0,0,0,0,0,0,0,0,0,0,0,1,6,0,2,0,0,0,138897
장산범,840634,1275,0,0,0,0,0,1,0,0,0,0,0,0,0,0,0,0,3,1,2,0,0,1,257299
미씽사라진여자,849673,1290,0,0,0,0,0,1,0,0,0,0,0,0,0,0,0,0,7,0,0,0,0,1,235815
로그원스타워즈스토리,855330,1787,0,1,0,0,1,0,0,0,0,0,0,0,0,0,1,0,2,0,0,0,0,1,246465
차이나타운,859723,938,1,0,0,0,0,1,0,0,0,0,0,0,0,0,0,0,5,0,0,1,1,0,185582
몬스터호텔2,861956,1227,0,0,0,0,0,0,0,0,1,0,0,0,0,0,1,0,0,0,1,0,1,0,319869
모아나,862566,1551,0,0,0,0,0,0,0,0,1,0,0,0,0,0,0,0,0,0,0,0,0,1,174270
제보자,876407,1337,1,0,0,0,0,0,0,0,0,0,0,0,0,0,0,0,10,1,0,0,1,0,343033
인투더스톰,884182,911,0,1,0,0,0,1,0,0,0,0,0,0,0,0,0,0,2,0,2,0,0,1,222803
탐정홍길동사라진마을,908996,1357,1,1,0,0,0,0,0,0,0,0,0,0,0,0,0,0,6,1,3,0,0,1,284292
엑소더스신들과왕들,909086,1602,1,0,0,0,0,0,0,0,0,0,0,0,0,0,0,0,4,0,2,0,1,0,194354
나의사랑나의신부,915199,1164,0,0,1,0,0,0,0,1,0,0,0,0,0,0,0,0,5,0,0,0,0,1,302282
뷰티인사이드,924463,1279,0,0,0,1,0,0,0,1,0,0,0,0,0,0,0,0,33,0,2,0,0,0,262475
끝까지간다,948863,1254,0,1,0,0,0,1,0,0,0,0,0,0,0,0,0,0,8,0,3,0,0,0,213450
메이즈러너,966009,1019,0,1,0,0,0,1,0,0,0,0,0,0,0,0,0,0,0,0,2,0,1,0,214325
마다가스카의펭귄,970564,1103,0,0,1,0,0,0,0,0,1,0,0,0,0,0,1,0,0,0,3,0,0,1,361669
벤허,972924,1138,1,0,0,0,1,0,0,0,0,0,0,0,0,0,0,1,7,0,3,0,1,0,302734
더폰,977631,1454,0,1,0,0,0,1,0,0,0,0,0,0,0,0,0,0,7,0,2,0,1,0,249020
임금님의사건수첩,982757,1900,0,0,1,0,1,0,0,0,0,0,0,0,0,0,0,0,6,1,3,0,0,1,204667
빅히어로,983549,1320,0,1,0,0,0,0,0,0,1,0,0,0,0,0,0,0,0,0,0,0,1,0,176871
해빙,983983,1630,0,0,0,0,0,1,0,0,0,0,0,0,0,0,0,0,12,0,3,0,0,1,476506
셜록유령신부,993249,1722,1,0,0,0,0,1,0,0,0,0,0,0,0,0,0,0,6,0,0,0,0,0,665162
킹스맨시크릿에이전트,993904,1061,0,1,0,0,0,1,0,0,0,0,0,0,0,0,0,0,4,0,2,1,0,1,166155
에이리언커버넌트,1018730,1610,0,0,0,1,0,1,0,0,0,0,0,0,0,0,1,0,4,0,2,0,0,1,362373
인사이드아웃,1022890,1051,0,0,1,0,0,0,0,0,1,0,0,0,0,0,0,0,0,0,0,0,0,1,166315
스파이,1039004,1300,0,1,1,0,0,0,0,0,0,0,0,0,0,0,0,0,10,0,2,0,1,0,188723
두근두근내인생,1055898,1217,1,0,0,0,0,0,0,0,0,0,0,0,0,0,0,1,7,0,3,0,0,0,176134
레버넌트죽음에서돌아온자,1056852,1523,1,0,0,0,1,0,0,0,0,0,0,0,0,0,0,0,9,0,2,0,0,0,259367
샌안드레아스,1068952,1483,1,1,0,0,0,0,0,0,0,0,0,0,0,0,0,0,6,0,2,0,1,0,199041
브이아이피,1086262,1748,1,0,0,0,0,1,0,0,0,0,0,0,0,0,0,0,19,2,2,1,1,0,341638
해무(海霧),1086549,1164,1,0,0,0,0,0,0,0,0,0,0,0,0,0,0,0,14,0,2,1,1,0,346687
매드맥스분노의도로,1091516,1561,0,1,0,0,1,0,0,0,0,0,0,0,0,0,0,0,4,0,2,0,0,1,241379
인디펜던스데이리써전스,1121991,1717,0,1,0,0,1,0,0,0,0,0,0,0,0,0,1,0,1,0,2,0,1,0,286802
악의연대기,1122618,1408,0,0,0,0,0,1,0,0,0,0,0,0,0,0,0,0,6,0,3,0,1,0,296140
특별시민,1136198,2286,1,0,0,0,0,0,0,0,0,0,0,0,0,0,0,0,21,0,3,0,0,1,305510
도리를찾아서,1136675,1481,0,0,0,0,1,0,0,0,1,0,0,0,0,0,1,0,0,0,0,0,1,0,162908
콩스컬아일랜드,1140140,1601,0,1,0,0,1,0,0,0,0,0,0,0,0,0,0,0,8,0,2,0,0,0,188145
굿바이싱글,1151003,1337,1,0,1,0,0,0,0,0,0,0,0,0,0,0,0,0,8,0,3,0,0,1,256035
오늘의연애,1152830,1175,0,0,1,0,0,0,0,1,0,0,0,0,0,0,0,0,1,3,3,0,1,0,294805
미스페레그린과이상한아이들의집,1162431,977,0,0,0,1,0,1,0,0,0,0,0,0,0,0,0,0,14,0,2,0,0,1,146754
겟아웃,1189549,1153,0,0,0,0,0,1,0,0,0,0,1,0,0,0,0,0,0,0,1,0,0,1,201027
강남1970,1192642,1380,1,1,0,0,0,0,0,0,0,0,0,0,0,0,0,0,11,3,3,1,1,0,291904
23아이덴티티,1196692,1154,0,0,0,0,0,1,0,0,0,0,0,0,0,0,0,0,4,0,1,0,1,0,268063
마이펫의이중생활,1200995,1203,0,0,1,0,0,0,0,0,1,0,0,0,0,0,0,0,0,0,1,0,1,0,347114
조선명탐정사라진놉의딸,1207336,1506,0,0,1,0,0,0,1,0,0,0,0,0,0,0,1,0,17,1,3,0,1,0,231929
드래곤길들이기2,1208255,1354,0,1,0,0,0,0,0,0,1,0,0,0,0,0,1,0,0,0,3,0,0,1,166705
메이즈러너스코치트라이얼,1234341,1402,0,1,0,1,0,0,0,0,0,0,0,0,0,0,1,0,4,0,2,0,0,1,237867
재심,1242628,1516,1,0,0,0,0,0,0,0,0,0,0,0,0,0,0,0,10,0,0,0,1,0,267547
로건,1246147,1666,0,1,0,1,0,0,0,0,0,0,0,0,0,0,0,0,6,0,2,1,0,1,446883
봉이김선달,1247197,1507,0,0,0,0,0,0,1,0,0,0,0,0,0,0,0,0,8,1,3,0,0,0,269290
형,1285809,1677,1,0,1,0,0,0,0,0,0,0,0,0,0,0,0,0,7,1,3,0,1,0,233268
미니언즈,1310042,1255,0,0,0,0,0,0,0,0,1,0,0,0,0,0,0,0,0,0,1,0,0,1,376549
테이큰3,1341953,1212,0,1,0,0,0,1,0,0,0,0,0,0,0,0,1,0,13,0,2,0,0,1,662563
007스펙터,1344283,2056,0,1,0,0,1,0,0,0,0,0,0,0,0,0,1,0,7,0,1,0,0,0,356520
루시,1349335,958,0,1,0,0,0,0,0,0,0,0,0,0,0,0,0,1,13,0,1,1,0,1,272932
스물,1351838,1615,1,0,1,0,0,0,0,0,0,0,0,0,0,0,0,0,3,0,2,0,1,0,283956
표적,1354563,1186,1,1,0,0,0,0,0,0,0,0,0,0,0,0,0,0,18,1,3,0,0,1,267466
스타워즈깨어난포스,1358938,1805,0,1,0,0,1,0,0,0,0,0,0,0,0,0,1,0,5,0,0,0,0,1,338231
노아,1365808,1644,1,0,0,0,1,0,0,0,0,0,0,0,0,0,0,0,14,0,3,0,0,1,373571
분노의질주더세븐,1374479,1606,0,1,0,0,0,1,0,0,0,0,0,0,0,0,1,0,13,0,1,0,0,1,261860
박열,1398071,1912,1,0,0,0,0,0,0,0,0,0,0,0,0,0,0,0,5,9,0,0,0,0,362463
조작된도시,1435368,1596,0,1,0,0,0,1,0,0,0,0,0,0,0,0,0,0,3,1,3,0,0,1,362610
탐정더비기닝,1439262,980,0,0,1,0,0,1,0,0,0,0,0,0,0,0,0,1,10,1,3,0,0,1,170395
너의이름은.,1488014,1335,1,0,0,0,0,0,0,0,1,0,0,0,0,0,0,0,0,0,0,0,1,0,344730
호빗다섯군대전투,1509978,1826,0,0,0,1,1,0,0,0,0,0,0,0,0,0,1,0,8,0,2,0,0,1,343218
보스베이비,1517231,1662,0,0,1,0,0,0,0,0,1,0,0,0,0,0,0,0,0,0,3,0,1,0,442620
원더우먼,1545032,1854,0,1,0,0,1,0,0,0,0,0,0,0,0,0,0,0,5,0,2,0,1,0,327174
극비수사,1595084,1492,1,0,0,0,0,1,0,0,0,0,0,0,0,0,0,0,16,3,3,0,1,0,393967
배트맨대슈퍼맨저스티스의시작,1599862,3247,0,1,0,0,1,0,0,0,0,0,0,0,0,0,1,0,11,0,2,0,1,0,466842
앤트맨,1603683,1744,0,1,0,1,0,0,0,0,0,0,0,0,0,0,0,0,2,0,0,0,0,1,396365
수어사이드스쿼드,1608378,1556,0,1,0,0,0,0,0,0,0,0,0,0,0,0,0,0,6,0,2,0,1,0,654993
프리즌,1619570,1851,0,1,0,0,0,1,0,0,0,0,0,0,0,0,0,0,12,0,3,1,0,1,470714
신의한수,1631348,1380,0,1,0,0,0,1,0,0,0,0,0,0,0,0,0,0,19,1,3,1,1,0,456881
기술자들,1640250,1255,0,1,0,0,0,1,0,0,0,0,0,0,0,0,0,0,9,1,3,0,1,0,761071
보안관,1651585,1427,0,0,1,0,0,1,0,0,0,0,0,0,0,0,0,0,15,0,3,0,0,1,422723
캡틴아메리카윈터솔져,1683082,1933,0,1,0,0,1,0,0,0,0,0,0,0,0,0,1,0,7,0,0,0,1,0,303558
분노의질주더익스트림,1689493,2533,0,1,0,0,0,1,0,0,0,0,0,0,0,0,1,0,16,0,1,0,1,0,371370
슈퍼배드3,1732764,1622,0,0,0,0,0,0,0,0,1,0,0,0,0,0,1,0,0,0,1,0,1,0,373000
덩케르크,1742682,2497,1,1,0,0,0,0,0,0,0,0,0,0,0,0,0,0,4,0,2,0,1,0,478307
캐리비안의해적죽은자는말이없다,1742709,2666,0,1,0,0,1,0,0,0,0,0,0,0,0,0,1,0,10,0,0,0,0,1,371226
판도라,1785371,2103,1,0,0,0,0,1,0,0,0,0,0,0,0,0,0,0,15,1,2,0,1,0,337955
귀향,1797240,1041,1,0,0,0,0,0,0,0,0,0,0,0,0,0,0,0,0,0,0,0,0,0,303970
엑스맨아포칼립스,1845192,2398,0,1,0,0,1,0,0,0,0,0,0,0,0,0,1,0,11,0,2,0,0,0,474561
쿵푸팬더3,1863589,2303,0,1,0,0,0,0,0,0,1,0,0,0,0,0,1,0,0,0,3,0,0,0,439576
연평해전,1873003,1384,1,0,0,0,0,0,0,0,0,0,0,0,0,0,0,0,7,0,2,0,0,1,332907
어메이징스파이더맨2,1889400,2340,0,1,0,1,0,0,0,0,0,0,0,0,0,0,1,0,2,0,0,0,1,0,372226
터미네이터제니시스,1895339,2177,0,1,0,0,1,0,0,0,0,0,0,0,0,0,1,0,4,0,3,0,0,1,533984
히말라야,1896771,1987,1,0,0,0,0,0,0,0,0,0,0,0,0,0,0,0,15,2,3,0,1,0,420832
제이슨본,1927661,1542,0,1,0,0,0,1,0,0,0,0,0,0,0,0,0,0,8,0,1,0,0,1,525779
트랜스포머최후의기사,1930808,3450,0,1,0,0,1,0,0,0,0,0,0,0,0,0,1,0,12,0,3,0,1,0,484567
혹성탈출반격의서막,1953525,1643,1,1,0,0,0,0,0,0,0,0,0,0,0,0,1,0,4,0,2,0,1,0,460349
데드풀,1965321,1854,0,1,0,1,0,0,0,0,0,0,0,0,0,0,0,0,0,0,2,1,0,1,642574
국제시장,1977222,1885,1,0,0,0,0,0,0,0,0,0,0,0,0,0,0,0,30,2,3,0,0,1,416356
가디언즈오브갤럭시VOL.2,2009286,2320,0,1,0,1,0,0,0,0,0,0,0,0,0,0,1,0,14,0,0,0,1,0,840007
나우유씨미2,2063171,1730,0,1,0,0,0,1,0,0,0,0,0,0,0,0,1,0,9,0,3,0,0,0,657688
타짜-신의손,2077176,1557,1,0,0,0,0,0,0,0,0,0,0,0,0,0,1,1,9,2,3,1,1,0,356260
사도,2105432,2313,0,0,0,0,0,0,1,0,0,0,0,0,0,0,0,0,16,7,3,0,0,0,488073
아수라,2156628,2452,0,1,0,0,0,1,0,0,0,0,0,0,0,0,0,0,31,2,3,1,0,1,734132
엣지오브투모로우,2172885,1386,0,1,0,1,0,0,0,0,0,0,0,0,0,0,0,0,5,0,2,0,0,0,704537
더킹,2173139,2272,1,0,0,0,0,1,0,0,0,0,0,0,0,0,0,0,14,3,2,0,1,0,541017
엑스맨데이즈오브퓨처패스트,2174842,1802,0,1,0,1,0,0,0,0,0,0,0,0,0,0,1,0,10,0,2,0,1,0,583442
검은사제들,2183079,1721,1,0,0,0,0,1,0,0,0,0,0,0,0,0,0,0,18,0,3,0,1,0,471363
마션,2184365,2076,0,1,0,0,1,0,0,0,0,0,0,0,0,0,0,0,4,0,2,0,0,1,821873
덕혜옹주,2209008,1545,1,0,0,0,0,0,1,0,0,0,0,0,0,0,0,0,16,1,3,0,1,0,536089
쥬라기월드,2230919,2126,0,1,0,0,1,0,0,0,0,0,0,0,0,0,0,0,2,0,1,0,1,0,587590
신비한동물사전,2238617,2351,0,0,0,0,1,0,0,0,0,0,0,1,0,0,0,0,2,0,2,0,1,0,519347
내부자들,2263674,1861,1,0,0,0,0,1,0,0,0,0,0,0,0,0,0,0,14,2,3,1,0,1,628251
해적바다로간산적,2329907,1581,0,0,0,0,1,0,0,0,0,0,0,0,0,0,0,0,7,1,3,0,0,1,563642
아가씨,2367281,2085,1,0,0,0,0,1,0,0,0,0,0,0,0,0,0,0,20,2,3,1,0,0,560763
역린,2461508,1942,0,0,0,0,0,0,1,0,0,0,0,0,0,0,0,0,11,0,3,0,0,1,653407
미이라,2490408,2383,0,1,0,0,1,0,0,0,0,0,0,0,0,0,0,0,7,0,1,0,0,1,1088233
밀정,2677678,2467,0,1,0,0,0,0,0,0,0,0,0,0,0,0,0,0,17,3,2,0,1,0,566403
럭키,2685607,1845,0,0,1,0,0,0,0,0,0,0,0,0,0,0,0,0,13,1,3,0,0,1,675721
인터스텔라,2687135,2228,0,0,0,1,0,0,0,0,0,0,0,0,0,0,0,0,8,0,2,0,0,1,572897
닥터스트레인지,2711347,2993,0,1,0,0,1,0,0,0,0,0,0,0,0,0,0,0,9,0,0,0,1,0,782065
청년경찰,2735797,2167,0,1,0,0,0,0,0,0,0,0,0,0,0,0,0,0,6,0,3,0,0,0,622378
트랜스포머사라진시대,2966999,3055,0,1,0,1,0,0,0,0,0,0,0,0,0,0,1,0,3,0,3,0,0,1,786762
곡성,3024092,2377,0,0,0,0,0,1,0,0,0,0,0,0,0,0,0,0,21,2,2,0,1,0,896217
마스터,3525592,2889,0,1,0,0,0,1,0,0,0,0,0,0,0,0,0,0,39,0,3,0,1,0,763624
터널,3533426,1674,1,0,0,0,0,0,0,0,0,0,0,0,0,0,0,0,25,1,3,0,0,1,760172
미션임파서블로그네이션,3563337,2373,0,1,0,0,0,1,0,0,0,0,0,0,0,0,1,0,10,0,3,0,0,1,971976
인천상륙작전,3584426,1805,1,0,0,0,0,0,0,0,0,0,0,0,1,0,0,0,23,1,3,0,0,0,831671
베테랑,3590029,1899,1,1,0,0,0,0,0,0,0,0,0,0,0,0,0,0,34,4,3,0,0,1,844547
군도민란의시대,3643920,2523,0,1,0,0,0,0,1,0,0,0,0,0,0,0,0,0,13,1,3,0,0,0,984932
스파이더맨홈커밍,4086159,3436,0,1,0,0,1,0,0,0,0,0,0,0,0,0,1,0,0,0,0,0,0,1,957304
암살,4195807,2594,1,1,0,0,0,0,0,0,0,0,0,0,0,0,0,0,18,3,3,0,0,1,926955
어벤져스에이지오브울트론,4319489,3498,0,1,0,0,1,0,0,0,0,0,0,0,0,0,1,0,42,0,0,0,1,0,1275470
캡틴아메리카시빌워,4446713,3673,0,1,0,1,0,0,0,0,0,0,0,0,0,0,1,0,17,0,0,0,1,0,1203236
군함도,4937342,3988,1,1,0,0,0,0,0,0,0,0,0,0,0,0,0,0,25,5,3,0,1,0,1552150
택시운전사,5407925,2999,1,0,0,0,0,0,0,0,0,0,0,0,0,0,0,0,25,3,3,0,0,0,1436582
검사외전,5469383,2686,0,0,1,0,0,1,0,0,0,0,0,0,0,0,0,1,24,0,3,0,0,0,1006364
부산행,6236450,3184,0,1,0,0,0,1,0,0,0,0,0,0,0,0,0,0,10,0,2,0,1,0,2101324
명량,6626792,2361,0,1,0,0,0,0,1,0,0,0,0,0,0,0,0,0,20,2,3,0,0,1,1410271
